epoch,QRKM,QADMM,QRAF,QARAF,QWF,QRWF,QPAF
0,-0.07467419405907548,-0.07467419405907548,-0.07467419405907548,-0.07467419405907548,-0.07467419405907548,-0.07467419405907548,-0.07467419405907548
1,-0.2932558739876232,-0.07467419405907548,-0.3358762511268365,-0.1918243646278795,-0.27127780534779466,-0.2711890764289945,-0.3369413556211336
2,-0.42280295314638744,-0.2603617055275305,-0.39782701824576444,-0.2823366790920035,-0.28041490205670194,-0.28269587919939276,-0.3599577747139448
3,-0.5407258647084321,-0.30704998938434735,-0.4154841886379484,-0.34239952834873977,-0.2867833532655501,-0.32031506170285584,-0.37270323574717007
4,-0.7047119162605536,-0.3616178822541559,-0.46534827212650776,-0.38571510708765333,-0.29919201219764835,-0.3455308939453466,-0.4064391124122385
5,-0.9325625253169487,-0.40588308322931005,-0.49889893447059624,-0.4168115188186803,-0.3140769968472286,-0.36934481952505466,-0.43615683121991233
6,-1.1917147250191995,-0.46467668419611896,-0.5368026126419306,-0.43956866316896764,-0.32883429876921483,-0.3909790309861182,-0.4655491766432994
7,-1.4578349643895776,-0.5036689244157855,-0.5720524959595349,-0.46202868371775047,-0.34297589604509654,-0.4114962269301221,-0.4942617146938432
8,-1.7089610120673997,-0.5663035035772511,-0.608031440580185,-0.49013836139565364,-0.35651605671296543,-0.43135425061865057,-0.5226470830118032
9,-1.9879747064350648,-0.6159843615362333,-0.6439575410029278,-0.5243997669442408,-0.3695441476701561,-0.4509117299264617,-0.550886742658715
10,-2.2615138620346555,-0.6832633901321391,-0.6804826205826657,-0.5624573022690904,-0.3821522442907852,-0.47040900592807805,-0.5791535524460607
11,-2.492807193477732,-0.7398433955066344,-0.717666198513125,-0.6020704556781411,-0.39442309684696475,-0.4900194790826568,-0.6075927644223201
12,-2.7443307853641823,-0.8114914970309789,-0.7557136758328717,-0.6421397497624766,-0.4064282095347161,-0.5098736762559032,-0.6363318397139174
13,-2.9598084110385825,-0.8797828502470043,-0.7947249028769894,-0.6824872219798189,-0.41822805659426715,-0.530073337424451,-0.6654830473864536
14,-3.17067887858132,-0.9548401335329684,-0.8347837041746865,-0.7233803925297553,-0.4298729644803039,-0.5506987937177718,-0.6951447848174998
15,-3.370362992650003,-1.031677459404105,-0.8759347841059685,-0.765203780490505,-0.4414042455643045,-0.5718134911295072,-0.7254016120436391
16,-3.5903968348868465,-1.112261202825595,-0.9181990006602921,-0.8082946818617984,-0.45285539730762653,-0.5934673434939122,-0.75632391375955
17,-3.797526831657966,-1.1940076378564415,-0.9615767679853819,-0.8528774786280383,-0.4642532671201576,-0.6156994546086382,-0.787967723811541
18,-4.002438696416969,-1.2793683258385387,-1.0060540145458656,-0.8990579007934837,-0.47561913083093,-0.638540279803546,-0.8203749772350954
19,-4.228931606966078,-1.364230613744904,-1.0516048826942896,-0.9468546538835828,-0.48696966119610796,-0.6620132088323781,-0.853574222542525
20,-4.418568991877346,-1.4516408208878402,-1.098192084367567,-0.9962441972178754,-0.49831777934078647,-0.6861355975717992,-0.8875816838019348
21,-4.622100706806026,-1.5376976138854388,-1.1457646886861108,-1.047197392194419,-0.509673391070047,-0.7109193475012795,-0.9224024969817555
22,-4.815592797569754,-1.6248423105852734,-1.1942544923484513,-1.0996979196300327,-0.5210440147026126,-0.7363711978658269,-0.9580319365422809
23,-5.0025035896244425,-1.709771769627686,-1.2435725296070574,-1.1537432961926608,-0.532435309408968,-0.76249294417682,-0.9944564753601844
24,-5.1866167485259105,-1.795538962432995,-1.293607304606201,-1.2093345573073897,-0.5438515140632992,-0.7892818114391842,-1.0316545690464285
25,-5.382046401916431,-1.878453916414093,-1.3442256992327986,-1.2664609126757507,-0.5552958069099498,-0.816731171143795,-1.0695971156112363
26,-5.563482140529637,-1.9622200145564554,-1.39527665827964,-1.3250838846197635,-0.5667705961816012,-0.8448316865201696,-1.1082476070414387
27,-5.758097700809876,-2.043003611385576,-1.4465970702464837,-1.3851237928578704,-0.5782777513356301,-0.873572809288064,-1.1475620539856057
28,-5.944313866408924,-2.1243471956024753,-1.498018912634146,-1.4464506728197033,-0.5898187838904747,-0.9029443674262245,-1.1874888193460758
29,-6.118225661792629,-2.2031049862998455,-1.5493766657609676,-1.5088813995500685,-0.6013949860192309,-0.9329378385209709,-1.2279685302624004
30,-6.297034556957563,-2.2818138345974557,-1.6005141221408086,-1.5721841961186225,-0.6130075341578682,-0.9635468761271063,-1.268934240940438
31,-6.479959005127609,-2.358541158637823,-1.651289949444647,-1.636090627505363,-0.6246575639667108,-0.9947668131682547,-1.3103119866223885
32,-6.674935605020689,-2.434620479499381,-1.7015816399340122,-1.700313852251114,-0.6363462220915314,-1.0265932017204886,-1.352021806080243
33,-6.8492931093990626,-2.50927054032025,-1.7512877448805686,-1.7645705728511176,-0.6480746993379048,-1.0590198327793374,-1.3939792297012128
34,-7.042330748994085,-2.582973522286454,-1.8003285103729816,-1.8286031158404097,-0.6598442491203655,-1.0920368854552345,-1.4360971510396066
35,-7.237940521274416,-2.655571126744744,-1.8486451802929695,-1.892197795990749,-0.6716561943867039,-1.1256297134737308,-1.478287939107292
36,-7.411430609485006,-2.7272006578889147,-1.896198309139091,-1.9551964273825388,-0.6835119256494095,-1.1597783530402215,-1.5204656175456002
37,-7.602206650907783,-2.79788399561782,-1.9429654406898322,-2.017499415348989,-0.6954128922767521,-1.1944574140847888,-1.562547937117554
38,-7.803626921847663,-2.8676828650494266,-1.9889384748255319,-2.07906080934978,-0.7073605887974885,-1.229635866370171,-1.6044581940241571
39,-7.999189828161695,-2.9366457037450506,-2.034120983287149,-2.1398773798610224,-0.7193565376458991,-1.2652764040936706,-1.6461266886153696
40,-8.20660443308587,-3.004822649193395,-2.078525663171171,-2.199974707178659,-0.7314022695073231,-1.301334419592632,-1.687491766886189
41,-8.41654436408312,-3.072261091377927,-2.1221720477068216,-2.2593932810948485,-0.7434993022083926,-1.3377569457038203,-1.728500432414825
42,-8.598739771757788,-3.139006349040368,-2.1650845353694184,-2.3181768963924,-0.7556491189213503,-1.3744821037739798,-1.7691085537129234
43,-8.813739159225134,-3.2051012936529153,-2.2072907540560913,-2.3763645700585303,-0.7678531463099338,-1.4114395592078834,-1.8092807187342697
44,-9.032521666408366,-3.2705862825472654,-2.2488202468954546,-2.4339861805603715,-0.7801127331282712,-1.4485522429515143,-1.8489898041654882
45,-9.204686100674229,-3.3354991090332597,-2.289703448288805,-2.4910612845896103,-0.7924291296882954,-1.485739226685396,-1.8882163332334443
46,-9.376589183972467,-3.399875008285811,-2.329970910169858,-2.5476001850807397,-0.8048034685307238,-1.5229192912387932,-1.9269476940797807
47,-9.568044796418418,-3.4637467010787697,-2.369652736381985,-2.6036062621686407,-0.8172367465660969,-1.5600145499624212,-1.9651772835552066
48,-9.764509483563442,-3.5271444684551723,-2.408778185077809,-2.6590787290557527,-0.8297298088930464,-1.5969535384970628,-2.002903630789244
49,-9.972824503044766,-3.5900962500934535,-2.4473754032888975,-2.7140152224051506,-0.8422833344489021,-1.6336733991490044,-2.0401295430002637
50,-10.161261376986312,-3.652627760192174,-2.485471262997844,-2.7684138916263943,-0.8548978236016287,-1.6701210517467129,-2.0768613041978004
51,-10.371396279628259,-3.714762615454814,-2.5230912733442454,-2.8222748595233402,-0.8675735877509443,-1.7062534529915065,-2.1131079467024825
52,-10.567266677214057,-3.776522470503352,-2.5602595485344284,-2.8756010681164206,-0.8803107409697773,-1.7420371612943082,-2.1488806063493855
53,-10.762027850290673,-3.837927156768404,-2.596998815369441,-2.928398601584399,-0.8931091936845529,-1.777447452427521,-2.184191965078249
54,-10.943097139058928,-3.8989948215898287,-2.633330447978804,-2.980676608862896,-0.9059686483639894,-1.812467203927409,-2.219055779321898
55,-11.113159170854294,-3.959742064902422,-2.669274520362038,-3.0324469497093336,-0.9188885971609744,-1.8470857141220347,-2.253486488990719
56,-11.279974695358039,-4.020184071465141,-2.7048498697568855,-3.083723674826746,-0.9318683214305645,-1.8812975664622245,-2.2874988996386776
57,-11.483295802063116,-4.080334737111793,-2.7400741657533896,-3.134522432194999,-0.9449068930291701,-1.9151016027501295,-2.3211079292821033
58,-11.6660606530503,-4.140206787953292,-2.7749639815416116,-3.184859872399769,-0.9580031772853757,-1.9485000337487204,-2.354328411037608
59,-11.86374841820103,-4.199811891845644,-2.809534864797503,-3.2347531067907065,-0.9711558375215322,-1.9814976922003102,-2.3871749429988194
60,-12.074355334125201,-4.259160761756836,-2.8438014065473567,-3.2842192540172044,-0.9843633409970316,-2.0141014193482683,-2.419661777378834
61,-12.252687039263353,-4.318263250923533,-2.8777773069664225,-3.3332750933217743,-0.9976239661388441,-2.0463195690725313,-2.451802741749676
62,-12.43660753475008,-4.377128439890582,-2.9114754375118,-3.3819368278167774,-1.0109358109222417,-2.078161611385111,-2.4836111860978805
63,-12.62771178472347,-4.435764715679559,-2.9449078991039745,-3.4302199488925247,-1.0242968022643273,-2.1096378174452814,-2.5150999503085187
64,-12.806068632200505,-4.494179843443238,-2.978086076287714,-3.478139184669362,-1.0377047062947873,-2.14075901012319,-2.546281347538752
65,-12.982302149846959,-4.552381031038283,-3.011020687446736,-3.5257085111866573,-1.0511571393718333,-2.171536366591394,-2.5771671597173467
66,-13.181874185038204,-4.610374986994579,-3.0437218312373115,-3.5729412043783486,-1.0646515797162626,-2.201981261928554,-2.6077686420945674
67,-13.382587893362615,-4.668167972382864,-3.0761990294587727,-3.619849912959166,-1.0781853795426315,-2.232105144996628,-2.6380965343636316
68,-13.576034994418366,-4.725765847087717,-3.1084612666050924,-3.6664467361266766,-1.0917557775733577,-2.2619194397820648,-2.6681610763829653
69,-13.769822478000156,-4.783174110984728,-3.1405170263498046,-3.712743294530842,-1.1053599118288477,-2.2914354669500336,-2.6979720269543646
70,-13.976578329923608,-4.840397940503051,-3.1723743252127155,-3.7587507875267683,-1.1189948325942072,-2.3206643815780073,-2.727538684464136
71,-14.16682501298305,-4.897442221030183,-3.20404074364562,-3.8044800337840976,-1.1326575154705052,-2.3496171239634442,-2.75686990848153
72,-14.359728202881673,-4.954311575587209,-3.235523454758801,-3.8499414955579176,-1.1463448744257188,-2.378304381097346,-2.7859741416403643
73,-14.51263686100417,-5.011010390171751,-3.2668292508926164,-3.8951452891786746,-1.16005377476725,-2.406736556914507,-2.814859431314175
74,-14.710644890875137,-5.067542836134005,-3.297964568220494,-3.9401011855771984,-1.1737810459641906,-2.434923749817309,-2.84353345074039
75,-14.888261482779972,-5.123912889919431,-3.328935509552068,-3.984818605023234,-1.1875234942532604,-2.4628757362587548,-2.872003519361692
76,-15.068186714428201,-5.180124350480741,-3.359747865488637,-4.0293066099062465,-1.2012779149675472,-2.4906019593891413,-2.900276622238992
77,-15.243565035186233,-5.236180854632048,-3.3904071340678543,-4.073573898563692,-1.2150411045319158,-2.518111521939298,-2.9283594284553356
78,-15.438985853072918,-5.292085890590373,-3.420918539020757,-4.117628802115457,-1.2288098720732303,-2.5454131826458277,-2.9562583084779623
79,-15.626824207103613,-5.347842809923629,-3.451287046751884,-4.161479285218062,-1.242581050597508,-2.5725153556302085,-2.9839793504801873
80,-15.823646240883962,-5.403454838100344,-3.4815173821422976,-4.205132950775598,-1.2563515076898442,-2.599426112230838,-3.011528375648798
81,-15.996239767448404,-5.458925083814074,-3.511614043265641,-4.248597048030731,-1.2701181556965582,-2.6261531848597874,-3.0389109525185924
82,-16.176027875788364,-5.514256547236181,-3.5415813150989046,-4.291878483132086,-1.283877961352588,-2.652703972517446,-3.066132410385556
83,-16.377546626791126,-5.569452127331835,-3.5714232823020926,-4.334983831201155,-1.2976279548208236,-2.67908554765063,-3.093197851855488
84,-16.57608881263775,-5.624514628358572,-3.6011438411344576,-4.377919349035448,-1.3113652381138519,-2.7053046640847085,-3.1201121645869123
85,-16.73794322338653,-5.679446765651864,-3.6307467105691984,-4.420690987805384,-1.3250869928725806,-2.7313677657990927,-3.14688003228676
86,-16.927471595373092,-5.734251170789116,-3.6602354426634243,-4.463304405356828,-1.3387904874804049,-2.7572809963489213,-3.1735059450153997
87,-17.11122542608285,-5.788930396212545,-3.6896134322356677,-4.505764977962976,-1.3524730834960303,-2.7830502087647537,-3.1999942088546445
88,-17.304896647260904,-5.843486919380603,-3.718883925899229,-4.548077811544406,-1.3661322413926815,-2.808680975787109,-3.2263489549887616
89,-17.480692405367318,-5.897923146508903,-3.7480500304959943,-4.590247752481376,-1.3797655255962602,-2.8341786003143405,-3.252574148244692
90,-17.661744989773112,-5.952241415953924,-3.7771147209721345,-4.632279398181608,-1.393370608819919,-2.859548125961035,-3.2786735951337365
91,-17.843900542103817,-6.006444001285156,-3.8060808477341395,-4.674177107554341,-1.406945275697518,-2.884794347640267,-3.3046509514331115
92,-18.045110881606202,-6.060533114086266,-3.8349511435209473,-4.715945011496216,-1.4204874257233588,-2.909921822096979,-3.3305097293421335
93,-18.230411700987748,-6.114510906519383,-3.863728229825465,-4.757587023435858,-1.4339950755104525,-2.9349348783318017,-3.3562533042443663
94,-18.40756549292037,-6.168379473682919,-3.892414622896509,-4.799106849926888,-1.4474663603842435,-2.9598376278650007,-3.3818849211039437
95,-18.58532889766419,-6.22214085578868,-3.9210127393500844,-4.840508001234167,-1.460899535333112,-2.984633974799222,-3.4074077005214467
96,-18.75848060507488,-6.2757970401808665,-3.94952490141698,-4.881793801830157,-1.4742929753410725,-3.0093276256474484,-3.432824644472182
97,-18.932889087979493,-6.329349963216112,-3.9779533418518462,-4.922967400707761,-1.4876451751317774,-3.0339220988992612,-3.4581386417474547
98,-19.128735954648178,-6.3828015120216754,-4.006300208527213,-4.96403178142027,-1.5009547483562105,-3.0584207343042924,-3.483352473117432
99,-19.31038027129819,-6.436153526145634,-4.0345675687343485,-5.004989771773397,-1.514220426259244,-3.0828267018567446,-3.5084688162324666
100,-19.48671898118247,-6.489407799112217,-4.0627574132113535,-5.045844053114217,-1.5274410558625466,-3.107143010469136,-3.533490250278201
101,-19.651236419480348,-6.542566079892201,-4.090871659917523,-5.08659716918268,-1.5406155977031133,-3.1313725163271737,-3.5584192603984515
102,-19.843343729909684,-6.595630074298183,-4.118912157571685,-5.127251534510293,-1.5537431231679935,-3.15551793092083,-3.583258241898724
103,-20.015759557303543,-6.6486014463123135,-4.146880688971038,-5.167809442365665,-1.5668228114665597,-3.179581828749431,-3.6080095042421587
104,-20.18594305881005,-6.701481819353618,-4.174778974105815,-5.208273072257132,-1.5798539462819914,-3.203566654700946,-3.632675274848879
105,-20.393535707143833,-6.754272777490485,-4.202608673084125,-5.248644497009223,-1.5928359121434787,-3.2274747311076113,-3.6572577027088937
106,-20.57880616532485,-6.806975866603194,-4.23037138888019,-5.288925689432611,-1.6057681905601024,-3.2513082644817666,-3.6817588618180594
107,-20.76332757934434,-6.859592595501967,-4.2580686699183925,-5.329118528607841,-1.6186503559563843,-3.2750693519371636,-3.706180754445992
108,-20.929227456511995,-6.912124437002441,-4.28570201250458,-5.369224805802289,-1.6314820714482148,-3.298759987302214,-3.7305253142443124
109,-21.09588392252639,-6.964572828963544,-4.313272863115281,-5.409246230038476,-1.6442630844962816,-3.322382066932606,-3.754794409203091
110,-21.277422324776026,-7.016939175289772,-4.340782620554731,-5.449184433330346,-1.6569932224722743,-3.345937395231518,-3.778989844463002
111,-21.46732993148438,-7.069224846900067,-4.368232637988889,-5.489040975603126,-1.6696723881711082,-3.369427689886277,-3.8031133649902364
112,-21.637784986572903,-7.121431182666022,-4.395624224864922,-5.528817349311592,-1.682300555300193,-3.3928545868308,-3.827166658120923
113,-21.802775831225656,-7.173559490320479,-4.422958648724097,-5.568514983771266,-1.694877763974463,-3.4162196449435,-3.8511513559814685
114,-21.971843689483595,-7.225611047339603,-4.450237136915316,-5.608135249217005,-1.707404116243458,-3.439524350490602,-3.8750690377909054
115,-22.145708956628546,-7.277587101797199,-4.47746087821615,-5.647679460603419,-1.7198797716743326,-3.462770121324951,-3.8989212320510895
116,-22.336224982686435,-7.329488873195661,-4.50463102436756,-5.687148881161582,-1.7323049430121866,-3.48595831085047,-3.9227094186302978
117,-22.51493326703886,-7.3813175532721464,-4.5317486915281755,-5.726544725726312,-1.7446798919367068,-3.5090902117623974,-3.9464350307455276
118,-22.685424511465705,-7.433074306781747,-4.558814961653457,-5.765868163848068,-1.7570049249317117,-3.5321670595734,-3.970099456848573
119,-22.860971627591645,-7.484760272259742,-4.585830883804749,-5.805120322702916,-1.7692803892818925,-3.555190035935491,-3.9937040424207217
120,-23.05620224615633,-7.536376562761023,-4.6127974753928305,-5.844302289813431,-1.7815066692088297,-3.5781602717675574,-4.017250091680675
121,-23.245705806275843,-7.587924266580033,-4.639715723360186,-5.88341511559272,-1.7936841821562464,-3.601078850198054,-4.040738869210123
122,-23.455547389201502,-7.639404447950777,-4.666586585305985,-5.922459815722741,-1.805813375232479,-3.6239468093322222,-4.064171601501172
123,-23.627387527976882,-7.690818147726952,-4.693410990557413,-5.961437373377509,-1.8178947218162822,-3.6467651448528975,-4.087549478429631
124,-23.836931778101835,-7.742166384043622,-4.720189841190709,-6.00034874130086,-1.8299287183303599,-3.6695348124637093,-4.1108736546580085
125,-24.010805126435276,-7.793450152960612,-4.746924013005057,-6.039194843747715,-1.8419158811854315,-3.692256730183171,-4.134145250971826
126,-24.185164216643788,-7.844670429087532,-4.773614356452245,-6.077976578297215,-1.8538567438961897,-3.714931780497839,-4.15736535555276
127,-24.36866580873426,-7.895828166192934,-4.800261697524732,-6.116694817545475,-1.865751854369212,-3.7375608123824335,-4.18053502519188
128,-24.552186610665927,-7.946924297794699,-4.826866838604659,-6.155350410685167,-1.8776017723617109,-3.76014464319445,-4.2036552864461445
129,-24.74318126082425,-7.997959737734897,-4.8534305592760685,-6.193944184978785,-1.8894070671089762,-3.7826840604505088,-4.226727136741129
130,-24.926020971728676,-8.04893538073871,-4.879953617102492,-6.232476947131938,-1.901168315117466,-3.8051798234913394,-4.249751545422817
131,-25.10819419245311,-8.09985210295642,-4.906436748371882,-6.270949484572817,-1.9128860981197056,-3.827632665041997,-4.272729454761158
132,-25.274684066270318,-8.15071076249162,-4.9328806688107285,-6.3093625666434265,-1.9245610011865044,-3.850043292673573,-4.29566178090792
133,-25.460159854894016,-8.201512199913438,-4.95928607426906,-6.347716945708067,-1.9361936109914335,-3.8724123901723755,-4.318549414811283
134,-25.626888858537683,-8.252257238753618,-4.98565364137793,-6.386013358184143,-1.947784514222056,-3.894740618822237,-4.341393223089439
135,-25.80224871179409,-8.302946685990182,-5.011984028180861,-6.424252525500157,-1.9593342961320352,-3.9170286186053223,-4.364194048865381
136,-25.957744201097103,-8.353581332516486,-5.038277874740602,-6.46243515498528,-1.9708435392279822,-3.9392770093265073,-4.386952712564926
137,-26.117034685902482,-8.404161953597548,-5.064535803722513,-6.500561940695022,-1.9823128220846875,-3.961486391666162,-4.4096700126799355
138,-26.28644187817413,-8.454689309310465,-5.090758420955714,-6.538633564176753,-1.9937427182822716,-3.9836573481658504,-4.432346726498536
139,-26.474227208274684,-8.505164144975891,-5.116946315973183,-6.576650695179111,-2.005133795458712,-4.005790444151254,-4.4549836108040965
140,-26.6586970045492,-8.555587191573174,-5.143100062531755,-6.6146139923086515,-2.0164866144711984,-4.027886228596361,-4.4775814025446
141,-26.84132392018823,-8.60595916614359,-5.169220219113064,-6.652524103637301,-2.0278017286598082,-4.049945234932704,-4.500140819473955
142,-27.001831219211702,-8.656280772183164,-5.195307329406273,-6.690381667263608,-2.039079683207074,-4.071967981807255,-4.522662560766708
143,-27.196187408372325,-8.70655270002232,-5.2213619227734975,-6.7281873118309585,-2.0503210145871322,-4.0939549737923295,-4.54514730760752
144,-27.381378018945835,-8.756775627193889,-5.247384514698668,-6.765941657005386,-2.0615262500982934,-4.115906702050667,-4.56759572375675
145,-27.580496075947003,-8.806950218790714,-5.2733756072205775,-6.8036453139158795,-2.072695907473046,-4.137823644958656,-4.590008456093329
146,-27.77529049604291,-8.857077127811438,-5.2993356893508805,-6.8412988855595245,-2.083830494559701,-4.159706268690488,-4.612386135136093
147,-27.970316118056573,-8.907156995496843,-5.325265237477585,-6.878902967173985,-2.094930509070105,-4.181555027765857,-4.634729375544686
148,-28.143268825535863,-8.957190451653029,-5.351164715754756,-6.916458146579533,-2.105996438388054,-4.203370365563636,-4.65703877660104
149,-28.324488647293517,-9.007178114967077,-5.377034576478967,-6.953965004492734,-2.11702875943331,-4.225152714803845,-4.679314922672404
150,-28.4864104695917,-9.057120593312169,-5.402875260453037,-6.991424114813945,-2.1280279385763223,-4.246902498000026,-4.701558383656856
151,-28.66720766532095,-9.107018484043968,-5.428687197337607,-7.028836044890262,-2.138994431599033,-4.268620127884034,-4.723769715412109
152,-28.824087926583648,-9.156872374283662,-5.454470805991014,-7.066201355755927,-2.149928683697375,-4.290306007805141,-4.745949460168506
153,-29.021471478149653,-9.206682841197525,-5.480226494797928,-7.103520602351802,-2.1608311295213287,-4.311960532105161,-4.768098146926877
154,-29.185300477189838,-9.256450452261952,-5.505954661987198,-7.1407943337254,-2.1717021932486302,-4.333584086471264,-4.7902162918420395
155,-29.35604250994604,-9.306175765526437,-5.531655695939331,-7.178023093213037,-2.1825422886884827,-4.3551770482679775,-4.812304398592615
156,-29.549071391884286,-9.355859329863266,-5.557329975483959,-7.215207418605291,-2.193351819411839,-4.376739786849815,-4.834362958737769
157,-29.716519871371794,-9.405501685207067,-5.582977870187713,-7.252347842297437,-2.2041311789050693,-4.398272663855838,-4.856392452061523
158,-29.885676837007566,-9.455103362794299,-5.608599740632827,-7.289444891425586,-2.2148807507440242,-4.41977603348741,-4.87839334690518
159,-30.05673226867391,-9.504664885386822,-5.634195938686824,-7.326499087990062,-2.2256009087857485,-4.441250242770263,-4.900366100488395
160,-30.230666743336936,-9.554186767493935,-5.659766807763601,-7.36351094896657,-2.2362920173752716,-4.462695631801976,-4.922311159219446
161,-30.411521776801717,-9.603669515584444,-5.685312683076212,-7.400480986406756,-2.2469544315651255,-4.484112533985846,-4.944228958995115
162,-30.59958147327546,-9.653113628289603,-5.7108338918816735,-7.437409707528484,-2.2575884973454077,-4.505501276252077,-4.966119925490678
163,-30.755445570887566,-9.702519596605818,-5.736330753718003,-7.474297614797031,-2.268194551882396,-4.526862179267174,-4.987984474440429
164,-30.925325628252555,-9.751887904083691,-5.761803580633862,-7.511145205997788,-2.2787729237638876,-4.548195557632308,-5.009823011909124
165,-31.08710375410434,-9.801219027013898,-5.787252677410929,-7.547952974301323,-2.2893239332495945,-4.5695017200714325,-5.031635934554721
166,-31.27657456959852,-9.850513434607361,-5.812678341779374,-7.584721408321525,-2.299847892525077,-4.590780969609827,-5.053423629882807
167,-31.455538951210958,-9.899771589170168,-5.838080864626594,-7.621450992167176,-2.310345105957842,-4.612033603743713,-5.075186476493034
168,-31.62432895059734,-9.948993946265473,-5.863460530199428,-7.658142205488017,-2.320815870354363,-4.63325991460156,-5.096924844317877
169,-31.793837678834482,-9.998180954880176,-5.888817616300125,-7.6947955235152765,-2.331260475216906,-4.654460189097592,-5.1186390948540375
170,-31.957469062174646,-10.047333057578665,-5.914152394476214,-7.73141141709795,-2.3416792029991638,-4.6756347090780865,-5.140329581386768
171,-32.13943471329507,-10.096450690662028,-5.939465130204502,-7.767990352734075,-2.3520723293597965,-4.696783751460857,-5.161996649207418
172,-32.30824307615075,-10.145534284298876,-5.964756083069409,-7.804532792599222,-2.362440123413106,-4.717907588368441,-5.183640635824413
173,-32.49541890832671,-10.194584262675388,-5.990025506935732,-7.8410391945708255,-2.37278284797613,-4.739006487255359,-5.205261871167978
174,-32.65443759189736,-10.243601044132369,-6.015273650116201,-7.877510012249694,-2.383100759811563,-4.760080711029841,-5.226860677788771
175,-32.82331575691809,-10.292585041297071,-6.0405007555337615,-7.913945694979222,-2.3933941098659606,-4.781130518170399,-5.248437371050711
176,-32.99235225101455,-10.341536661202639,-6.065707060878939,-7.950346687861705,-2.4036631435027855,-4.802156162837527,-5.2699922593181645
177,-33.14942967521868,-10.390456305417473,-6.090892798762351,-7.986713431773135,-2.4139081007299006,-4.823157894980876,-5.291525644137733
178,-33.312056167608844,-10.439344370162186,-6.116058196862573,-8.023046363376146,-2.4241292164211914,-4.844135960442194,-5.313037820414795
179,-33.46374347034476,-10.488201246425774,-6.141203478069349,-8.05934591513114,-2.4343267205320474,-4.865090601054229,-5.33452907658502
180,-33.58909221037791,-10.53702732006709,-6.166328860622617,-8.095612515306671,-2.4445008383084925,-4.886022054735934,-5.355999694780989
181,-33.74337748249716,-10.585822971935784,-6.191434558247076,-8.131846587988738,-2.4546517904897955,-4.906930555584113,-5.377449950994134
182,-33.871146367856966,-10.634588577966445,-6.216520780282777,-8.16804855308852,-2.4647797935044413,-4.927816333961796,-5.398880115232123
183,-33.96997279642572,-10.68332450927578,-6.241587731811643,-8.204218826350663,-2.474885059659375,-4.948679616583454,-5.420290451671841
184,-34.04545332693823,-10.732031132263572,-6.266635613780154,-8.240357819360243,-2.484967797322476,-4.969520626597319,-5.441681218808147
185,-34.15721919021526,-10.780708808712333,-6.291664623118276,-8.276465939549615,-2.495028211098243,-4.9903395836649045,-5.46305266959848
186,-34.28248889203115,-10.829357895851023,-6.316674952854742,-8.312543590205347,-2.5050665019967013,-5.011136704037944,-5.484405051603535
187,-34.34161869005748,-10.877978746479512,-6.341666792228825,-8.348591170474748,-2.515082867595575,-5.031912200632832,-5.505738607124022
188,-34.44826240019651,-10.926571709019909,-6.3666403267986995,-8.384609075372616,-2.52507750219578,-5.052666283102768,-5.527053573333785
189,-34.45920283820431,-10.975137127598451,-6.39159573854649,-8.420597695788352,-2.5350505969703185,-5.073399157907636,-5.548350182409209
190,-34.488678365362105,-11.02367534216159,-6.416533205980107,-8.45655741849287,-2.5450023401066764,-5.0941110283818585,-5.569628661655198
191,-34.52607828528261,-11.072186688504466,-6.441452904231964,-8.492488626146647,-2.554932916942833,-5.114802094800194,-5.590889233627714
192,-34.55011754552744,-11.120671498369617,-6.466355005154674,-8.528391697307054,-2.5648425100970154,-5.135472554441703,-5.612132116253064
193,-34.54286331033991,-11.169130099509958,-6.491239677413922,-8.564267006437378,-2.5747312995913227,-5.1561226016518775,-5.633357522943935
194,-34.53812403068655,-11.217562815758466,-6.516107086578301,-8.60011492391555,-2.5845994629693867,-5.176752427903082,-5.654565662712397
195,-34.55696955371195,-11.265969967107223,-6.540957395206604,-8.635935816043915,-2.5944471754082046,-5.197362221853357,-5.675756740279855
196,-34.60825549532503,-11.314351869739314,-6.565790762932339,-8.671730045059405,-2.6042746098243192,-5.217952169403667,-5.696930956184114
197,-34.56821731736803,-11.362708836111603,-6.590607346545678,-8.707497969144605,-2.61408193697451,-5.238522453753658,-5.718088506883565
198,-34.57451814523323,-11.411041175016512,-6.615407300072935,-8.743239942439182,-2.6238693255511607,-5.259073255456,-5.73922958485868
199,-34.549838795613674,-11.459349191640797,-6.640190774853567,-8.778956315052543,-2.6336369422724886,-5.279604752469346,-5.760354378710794
200,-34.60071232377354,-11.507633187599229,-6.664957919614809,-8.814647433076994,-2.643384951967798,-5.300117120210022,-5.781463073258296
201,-34.60010109240086,-11.555893461021277,-6.689708880544159,-8.850313638601401,-2.6531135176579514,-5.320610531602408,-5.802555849630316
202,-34.63737791091602,-11.604130306586514,-6.7144438013594465,-8.88595526972571,-2.662822800631216,-5.3410851571281635,-5.823632885357949
203,-34.69428119358982,-11.652344015569566,-6.7391628233768754,-8.921572660577478,-2.6725129605146805,-5.361541164874251,-5.844694354463084
204,-34.637173948093306,-11.700534875884893,-6.76386608557701,-8.957166141326981,-2.6821841553414085,-5.381978720579873,-5.865740427544948
205,-34.703877020199634,-11.74870317217971,-6.788553724668632,-8.992736038204837,-2.691836541613506,-5.402397987682303,-5.886771271864373
206,-34.72937120354967,-11.796849185804541,-6.8132258751507155,-9.028282673519959,-2.70147027436127,-5.422799127361695,-5.907787051425886
207,-34.70718462926247,-11.844973194931187,-6.837882669372517,-9.063806365677925,-2.711085507198598,-5.443182298584856,-5.928787927057657
208,-34.678188559442674,-11.893075474558024,-6.862524237591781,-9.099307429200712,-2.7206823923748154,-5.4635476581480935,-5.949774056489382
209,-34.70730128878747,-11.941156296548861,-6.887150708031088,-9.134786174746878,-2.730261080823088,-5.483895360719067,-5.9707455944281795
210,-34.7391964914903,-11.989215929709774,-6.911762206932696,-9.170242909132169,-2.7398217222055807,-5.504225558877752,-5.991702692632447
211,-34.73642983814789,-12.037254639752081,-6.936358858611452,-9.205677935351622,-2.7493644649555202,-5.524538403156515,-6.0126454999839405
212,-34.743730344074265,-12.085272689451404,-6.960940785506251,-9.241091552601906,-2.758889456316304,-5.544834042079328,-6.0335741625578345
213,-34.72387745798244,-12.133270338549126,-6.985508108229742,-9.276484056303927,-2.768396842377818,-5.56511262220013,-6.054488823691129
214,-34.66296874258907,-12.181247843892677,-7.0100609456167255,-9.311855738128026,-2.7778867681100996,-5.5853742881403905,-6.075389624049188
215,-34.692094135384856,-12.229205459433478,-7.034599414770916,-9.347206886016368,-2.7873593773944783,-5.605619182625884,-6.096276701690649
216,-34.68524946487456,-12.27714343627932,-7.059123631110243,-9.382537784210117,-2.796814813052349,-5.625847446522675,-6.1171501921305795
217,-34.72178032027733,-12.325062022673807,-7.083633708410871,-9.4178487132742,-2.8062532168716845,-5.646059218872349,-6.138010228402084
218,-34.72294286980828,-12.372961464097141,-7.10812975884976,-9.453139950123129,-2.8156747296314344,-5.6662546369265545,-6.15885694111635
219,-34.653132914408445,-12.42084200325306,-7.1326118930459765,-9.488411768049422,-2.825079491123919,-5.686433836180774,-6.17969045852101
220,-34.623319282493675,-12.46870388011712,-7.157080220100714,-9.523664436749565,-2.8344676401753377,-5.706596950407413,-6.200510906557223
221,-34.636594827948244,-12.516547331994689,-7.181534847636066,-9.558898222353216,-2.8438393146645145,-5.726744111688228,-6.221318408915114
222,-34.59677886579763,-12.564372593484508,-7.205975881832655,-9.594113387451078,-2.8531946515399706,-5.74687545044607,-6.242113087087889
223,-34.63859049234519,-12.612179896582106,-7.230403427465997,-9.62931019112311,-2.8625337868354475,-5.766991095475978,-6.2628950604245475
224,-34.69615068924606,-12.659969470626576,-7.25481758794183,-9.664488888970276,-2.871856855683968,-5.787091173975635,-6.283664446181233
225,-34.69078536237167,-12.707741542447083,-7.279218465330337,-9.699649733142017,-2.881163992330532,-5.807175811575212,-6.304421359571293
226,-34.71205516857215,-12.755496336270687,-7.303606160399318,-9.734792972367837,-2.8904553301435483,-5.8272451323665715,-6.325165913814052
227,-34.76683089066163,-12.80323407375409,-7.327980772646235,-9.769918851987686,-2.899731001625071,-5.847299258931922,-6.345898220182357
228,-34.764576180083104,-12.850954974124939,-7.352342400329529,-9.80502761398292,-2.908991138419945,-5.867338312371832,-6.366618388048855
229,-34.728557692904744,-12.89865925413992,-7.376691140498591,-9.84011949700726,-2.9182358713239243,-5.887362412332726,-6.387326524931178
230,-34.70258887436202,-12.946347128090464,-7.401027089023064,-9.875194736419328,-2.9274653302908473,-5.907371677033786,-6.408022736535891
231,-34.72584158614389,-12.994018807794493,-7.425350340621306,-9.91025356431422,-2.936679644438936,-5.927366223293276,-6.428707126801373
232,-34.76136747434253,-13.041674502755686,-7.4496609888876755,-9.945296209554625,-2.945878942056291,-5.94734616655441,-6.449379797939626
233,-34.74959596698155,-13.089314420039614,-7.473959126319236,-9.980322897805028,-2.955063350605648,-5.967311620910613,-6.470040850476926
234,-34.7122958557223,-13.136938764329669,-7.498244844341562,-10.015333851563682,-2.9642329967284513,-5.987262699130308,-6.490690383293536
235,-34.6614303946263,-13.184547738063292,-7.522518233333556,-10.0503292901941,-2.973388006248311,-6.00719951268115,-6.51132849366238
236,-34.65783280311381,-13.232141541332874,-7.54677938265194,-10.085309429959946,-2.982528504173894,-6.027122171753835,-6.531955277286702
237,-34.57821350827341,-13.279720371980593,-7.571028380654478,-10.120274484057827,-2.9916546147013006,-6.047030785285337,-6.552570828336786
238,-34.596348427544434,-13.32728442552002,-7.595265314722831,-10.15522466264872,-3.0007664612159815,-6.066925460981729,-6.573175239485793
239,-34.606713278218585,-13.374833895272989,-7.619490271284516,-10.190160172895178,-3.0098641662942334,-6.086806305340485,-6.59376860194461
240,-34.638740527460484,-13.42236897233676,-7.643703335834381,-10.225081218989295,-3.018947851704327,-6.106673423672374,-6.614351005495816
241,-34.70728473489795,-13.469889845608062,-7.667904592955102,-10.25998800219203,-3.028017638407296,-6.126526920122838,-6.634922538526907
242,-34.720538238258136,-13.5173967018516,-7.692094126337454,-10.294880720861983,-3.0370736465574435,-6.146366897692992,-6.655483288062464
243,-34.686621470828435,-13.564889725587824,-7.7162720187995095,-10.329759570491914,-3.0461159955025794,-6.166193458260126,-6.676033339795729
244,-34.7526421387703,-13.612369099337858,-7.740438352305611,-10.36462474374121,-3.0551448037840507,-6.1860067025978385,-6.696572778119204
245,-34.749442100499024,-13.659835003384645,-7.764593207984592,-10.399476430470132,-3.0641601891365657,-6.205806730395677,-6.717101686154626
246,-34.76174524727165,-13.707287615881917,-7.788736666147458,-10.434314817771716,-3.0731622684878697,-6.225593640278445,-6.737620145781956
247,-34.75137846985943,-13.75472711307697,-7.812868806304365,-10.469140090008306,-3.082151157958282,-6.245367529825051,-6.758128237667973
248,-34.73973589882621,-13.802153669006465,-7.836989707181462,-10.503952428842048,-3.09112697286013,-6.265128495587014,-6.778626041293779
249,-34.80882589994515,-13.84956745584318,-7.861099446736928,-10.538752013268619,-3.1000898276970963,-6.2848766331064825,-6.799113634981848
250,-34.84632572710459,-13.896968643584884,-7.885198102176286,-10.573539019653733,-3.1090398361635128,-6.3046120369339675,-6.819591095922299
251,-34.798559299454595,-13.94435740027725,-7.909285749967943,-10.608313621761724,-3.117977111143607,-6.3243348006457,-6.840058500198548
252,-34.812969605386556,-13.991733892050103,-7.933362465857449,-10.643075990791443,-3.1269017647107376,-6.344045016860529,-6.860515922812196
253,-34.797284967554354,-14.039098283006265,-7.9574283248819935,-10.677826295409918,-3.1358139081266208,-6.363742777256561,-6.880963437707482
254,-34.83876101777686,-14.086450735293647,-7.981483401383859,-10.712564701781435,-3.1447136518405734,-6.38342817258739,-6.901401117794937
255,-34.80144073891018,-14.13379140934003,-8.00552776902406,-10.747291373605686,-3.153601105488787,-6.4031012926979765,-6.921829034974481
256,-34.832806521184764,-14.181120463351835,-8.029561500795019,-10.782006472143696,-3.1624763778936433,-6.4227622265402715,-6.9422472601580125
257,-34.8312746971085,-14.228438053870184,-8.053584669033253,-10.816710156257939,-3.171339577063081,-6.442411062188329,-6.962655863291375
258,-34.85537922877783,-14.275744335570595,-8.077597345431464,-10.851402582436226,-3.1801908101900422,-6.4620478868533135,-6.983054913375722
259,-34.84346307566838,-14.323039461151911,-8.101599601050143,-10.886083904831047,-3.189030183651978,-6.481672786898019,-7.003444478488399
260,-34.833166166826324,-14.370323581545321,-8.125591506329311,-10.92075427528505,-3.1978578030104567,-6.501285847851131,-7.023824625803305
261,-34.848954624663854,-14.417596845904798,-8.14957313109927,-10.955413843368348,-3.206673773010859,-6.520887154421187,-7.044195421610688
262,-34.819046112456185,-14.464859401435282,-8.17354454459144,-10.990062756406243,-3.215478197582175,-6.540476790510273,-7.064556931336461
263,-34.72254784919789,-14.512111393627533,-8.197505815448864,-11.024701159510144,-3.224271179836917,-6.560054839227276,-7.084909219561094
264,-34.794892679266916,-14.559352966568033,-8.221457011736126,-11.05932919560958,-3.233052822071136,-6.57962138290104,-7.105252350037872
265,-34.75669947333014,-14.606584262177025,-8.245398200949225,-11.093947005484363,-3.2418232257645725,-6.599176503093123,-7.1255863857108395
266,-34.7611929552039,-14.653805420794669,-8.269329450024921,-11.128554727791627,-3.25058249158092,-6.618720280610252,-7.14591138873229
267,-34.77383464128976,-14.70101658114645,-8.293250825350098,-11.163152499099459,-3.259330719368217,-6.638252795516645,-7.166227420479679
268,-34.812446545689596,-14.748217879586187,-8.317162392770607,-11.1977404539141,-3.268068008159382,-6.657774127145855,-7.186534541572215
269,-34.79780631256382,-14.795409451952446,-8.341064217599781,-11.232318724709057,-3.2767944561728686,-6.677284354112583,-7.206832811887033
270,-34.81193823338774,-14.84259143146156,-8.364956364627197,-11.266887441957682,-3.285510160813462,-6.696783554324031,-7.227122290574928
271,-34.8201525439718,-14.889763950285213,-8.388838898126286,-11.301446734160502,-3.2942152186732137,-6.716271804991095,-7.247403036075688
272,-34.79357210447716,-14.936927138366546,-8.412711881862823,-11.335996727872576,-3.3029097255325155,-6.735749182639409,-7.267675106133104
273,-34.733824434231224,-14.984081125048297,-8.436575379101782,-11.370537547734846,-3.3115937763613057,-6.755215763119915,-7.2879385578094125
274,-34.696329295008894,-15.031226036865164,-8.46042945261586,-11.405069316498551,-3.320267465320424,-6.7746716216194,-7.308193447499664
275,-34.71287997923946,-15.078361999644047,-8.484274164691755,-11.439592155059131,-3.328930885763097,-6.794116832670729,-7.328439830945489
276,-34.704766194638026,-15.12548913681964,-8.508109577137423,-11.474106182476314,-3.337584130236568,-6.813551470162807,-7.348677763248657
277,-34.69775553428728,-15.172607571493831,-8.531935751289064,-11.508611516008042,-3.3462272904838612,-6.832975607350434,-7.368907298884129
278,-34.691469156471385,-15.219717423982564,-8.555752748017749,-11.543108271135948,-3.354860457445684,-6.852389316863759,-7.389128491713046
279,-34.6971777984419,-15.266818813525976,-8.579560627735477,-11.577596561585167,-3.363483721262465,-6.871792670717802,-7.409341394995101
280,-34.68219098133836,-15.313911858454196,-8.603359450401792,-11.612076499364434,-3.372097171276522,-6.891185740321435,-7.42954606140086
281,-34.68590891286322,-15.360996674983816,-8.627149275529417,-11.646548194781097,-3.3807008960343703,-6.910568596486423,-7.449742543023457
282,-34.696656604449025,-15.408073378008593,-8.650930162190626,-11.681011756468376,-3.389294983289147,-6.929941309436142,-7.469930891390446
283,-34.745952284243295,-15.455142080834408,-8.674702169022503,-11.71546729141373,-3.3978795200031797,-6.949303948814107,-7.490111157474816
284,-34.775420957411356,-15.502202895278188,-8.698465354232638,-11.749914904988609,-3.4064545923506664,-6.96865658369239,-7.510283391706253
285,-34.68713657444066,-15.549255932425012,-8.722219775604579,-11.784354700960478,-3.415020285720485,-6.987999282579701,-7.5304476439817
286,-34.73738797653597,-15.596301301350035,-8.74596549050308,-11.81878678152976,-3.4235766847191225,-7.007332113429481,-7.550603963675858
287,-34.83340690006717,-15.643339109677779,-8.769702555878938,-11.853211247344989,-3.432123873173719,-7.026655143647619,-7.57075239965151
288,-34.89476950790177,-15.690369464191381,-8.79343102827445,-11.887628197538117,-3.4406619341352283,-7.045968440100178,-7.590893000269294
289,-34.88184168253993,-15.737392468949588,-8.817150963827505,-11.922037729736406,-3.4491909498816913,-7.065272069120772,-7.6110258133975455
290,-34.86662690641871,-15.784408228354573,-8.840862418276894,-11.95643994009407,-3.4577110019216115,-7.084566096517958,-7.631150886421642
291,-34.81386878667249,-15.831416844420428,-8.864565446966694,-11.99083492330996,-3.466222170997447,-7.103850587582264,-7.651268266253253
292,-34.78569269216178,-15.878418418325571,-8.888260104850493,-12.025222772649933,-3.474724537089191,-7.123125607093302,-7.67137799933942
293,-34.79166984094545,-15.925413049674146,-8.911946446495845,-12.059603579979,-3.4832181794180657,-7.142391219326454,-7.6914801316711765
294,-34.735008918917835,-15.972400836516357,-8.935624526088457,-12.093977435772949,-3.491703176450299,-7.161647488059625,-7.711574708792187
295,-34.76796702852585,-16.019381876073293,-8.959294397436473,-12.128344429142683,-3.5001796059010037,-7.180894476579785,-7.73166177580706
296,-34.76930683318199,-16.066356265306993,-8.982956113974181,-12.162704647858336,-3.5086475447381416,-7.200132247689273,-7.751741377389434
297,-34.753012365363844,-16.11332409756024,-9.006609728765902,-12.197058178368769,-3.5171070691865736,-7.219360863712055,-7.771813557789936
298,-34.79364288399673,-16.160285467079877,-9.030255294509837,-12.23140510582601,-3.5255582547321946,-7.238580386499855,-7.791878360843975
299,-34.75228911705538,-16.207240464913216,-9.053892863541959,-12.2657455140958,-3.5340011761261456,-7.25779087743807,-7.811935829979001
300,-34.6966940628616,-16.25418918303265,-9.077522487839387,-12.300079485790578,-3.542435907389103,-7.276992397451647,-7.831986008222191
301,-34.69588402552357,-16.301131710398312,-9.101144219023631,-12.334407102289164,-3.550862521815645,-7.296185007010735,-7.852028938207562
302,-34.74904899939019,-16.34806813589183,-9.124758108364656,-12.368728443744157,-3.559281091978679,-7.315368766136317,-7.872064662182552
303,-34.769677302369494,-16.39499854736422,-9.148364206783732,-12.403043589109913,-3.5676916897339455,-7.334543734405584,-7.892093222015412
304,-34.786576944035474,-16.441923029716378,-9.17196256485669,-12.437352616167104,-3.576094386224577,-7.353709970957351,-7.912114659201406
305,-34.82216266994305,-16.48884166962161,-9.195553232817513,-12.471655601526022,-3.5844892518857265,-7.372867534497166,-7.932129014869577
306,-34.791606709470095,-16.535754550445915,-9.219136260560829,-12.505952620667735,-3.592876356449241,-7.392016483302533,-7.952136329788838
307,-34.79752042168014,-16.58266175398507,-9.242711697645625,-12.540243747931664,-3.6012557689484037,-7.411156875227863,-7.972136644374261
308,-34.80088194478327,-16.629563363691116,-9.266279593297536,-12.574529056569943,-3.6096275577227135,-7.430288767709187,-7.992129998693125
309,-34.83246613928228,-16.676459459249443,-9.289839996412331,-12.608808618740406,-3.6179917904227246,-7.449412217769302,-8.0121164324706
310,-34.83901890400868,-16.72335011989743,-9.313392955558218,-12.643082505528731,-3.6263485340149213,-7.468527282021978,-8.032095985095683
311,-34.780555447500205,-16.77023542405393,-9.336938518978974,-12.67735078696822,-3.634697854786645,-7.487634016676883,-8.052068695626684
312,-34.774337682344914,-16.817115450922135,-9.360476734596535,-12.711613532060552,-3.6430398183510526,-7.506732477543886,-8.072034602796585
313,-34.73840813556477,-16.8639902752382,-9.384007650013874,-12.745870808783359,-3.651374489652116,-7.525822720037567,-8.091993745018437
314,-34.74297805436591,-16.91085997195234,-9.407531312517222,-12.780122684120505,-3.6597019329696545,-7.544904799181265,-8.111946160390524
315,-34.75704949653813,-16.95772461747153,-9.431047769078548,-12.814369224061307,-3.6680222119244013,-7.563978769611505,-8.131891886701526
316,-34.766581340664594,-17.004584284031676,-9.454557066358644,-12.848610493631636,-3.676335389483096,-7.583044685581897,-8.151830961435167
317,-34.78283226778539,-17.051439041918915,-9.478059250709165,-12.882846556895947,-3.6846415279636013,-7.602102600967363,-8.17176342177535
318,-34.79446820761015,-17.098288966095666,-9.501554368175126,-12.917077476989721,-3.692940689040052,-7.621152569267863,-8.19168930461047
319,-34.75233029677234,-17.14513412485756,-9.525042464496856,-12.951303316123068,-3.701232933748017,-7.640194643612378,-8.211608646538455
320,-34.76585396857563,-17.191974587268724,-9.54852358511291,-12.985524135598176,-3.7095183224896857,-7.659228876762594,-8.231521483870932
321,-34.74793791749723,-17.23881042380311,-9.571997775161684,-13.019739995819219,-3.7177969150390657,-7.6782553211166045,-8.251427852637578
322,-34.744068865333375,-17.285641699947174,-9.595465079484894,-13.053950956313212,-3.7260687705472044,-7.697274028712564,-8.27132778859047
323,-34.72834495912853,-17.332468483283062,-9.618925542628096,-13.088157075749551,-3.7343339475474138,-7.716285051232226,-8.291221327208255
324,-34.808297814323964,-17.37929083783333,-9.64237920884392,-13.122358411944992,-3.742592503960508,-7.735288440004211,-8.311108503700128
325,-34.780316820384975,-17.426108829460457,-9.665826122093726,-13.156555021872707,-3.7508444971000547,-7.754284246007678,-8.330989353009949
326,-34.802577320624835,-17.47292252376479,-9.689266326049372,-13.190746961693806,-3.7590899836776255,-7.773272519875621,-8.350863909819715
327,-34.80832464569935,-17.51973198022251,-9.71269986409707,-13.224934286748175,-3.7673290198080545,-7.7922533118978325,-8.370732208553843
328,-34.78167651573371,-17.566537264953084,-9.73612677933661,-13.259117051591558,-3.7755616610146956,-7.811226672024401,-8.39059428338247
329,-34.800877465315125,-17.613338437068847,-9.759547114585382,-13.293295309991002,-3.783787962234691,-7.830192649868699,-8.410450168225239
330,-34.81671805831804,-17.660135558745214,-9.782960912379542,-13.327469114955825,-3.7920079778242184,-7.84915129471053,-8.430299896754788
331,-34.79328462207377,-17.706928686125888,-9.806368214976258,-13.361638518717507,-3.800221761563762,-7.868102655498995,-8.450143502400051
332,-34.77157374941983,-17.75371788247925,-9.829769064354739,-13.395803572784464,-3.8084293666633524,-7.887046780855577,-8.469981018349635
333,-34.788072007316345,-17.800503203121604,-9.853163502219823,-13.429964327908003,-3.8166308457678193,-7.905983719076989,-8.489812477555338
334,-34.75907663063065,-17.847284706310486,-9.876551570001958,-13.464120834138237,-3.8248262509620283,-7.924913518138006,-8.509637912734945
335,-34.75227114768675,-17.894062443100598,-9.89993330885942,-13.49827314080573,-3.83301563377611,-7.9438362256941275,-8.52945735637562
336,-34.77234823719577,-17.940836474360307,-9.923308759681976,-13.532421296560416,-3.841199045190677,-7.9627518890845925,-8.549270840736916
337,-34.784999486903445,-17.9876068541763,-9.946677963089034,-13.566565349334564,-3.8493765356420337,-7.981660555334731,-8.569078397853653
338,-34.81512544202737,-18.03437363638005,-9.970040959435247,-13.60070534641518,-3.8575481550273656,-8.000562271158747,-8.58888005953877
339,-34.75428142280843,-18.08113687212932,-9.993397788809537,-13.63484133441208,-3.8657139527099202,-8.019457082962376,-8.60867585738649
340,-34.71810434894796,-18.127896619043412,-10.016748491037896,-13.66897335928863,-3.8738739775241697,-8.038345036845234,-8.628465822774587
341,-34.70543454664897,-18.17465292553048,-10.04009310568526,-13.703101466363192,-3.8820282777809547,-8.057226178603386,-8.648249986867697
342,-34.76102724121364,-18.221405846023046,-10.063431672055478,-13.737225700316335,-3.8901769012726124,-8.076100553731836,-8.668028380619347
343,-34.73096280509135,-18.2681554270576,-10.086764229196266,-13.77134610521214,-3.8983198952780844,-8.094968207426827,-8.687801034774965
344,-34.75437439093319,-18.314901719651456,-10.110090815896832,-13.80546272451221,-3.9064573065680044,-8.113829184588274,-8.70756797987442
345,-34.78995008507848,-18.36164476590631,-10.133411470692348,-13.839575601045377,-3.914589181409765,-8.13268352982204,-8.727329246254005
346,-34.82580042521384,-18.408384618928686,-10.156726231864317,-13.87368477710208,-3.922715565572557,-8.151531287442246,-8.747084864049508
347,-34.81513968614678,-18.455121334954583,-10.180035137442966,-13.907790294321511,-3.9308365043323987,-8.170372501473404,-8.766834863198271
348,-34.77144948221917,-18.50185495248335,-10.203338225207863,-13.94189219383791,-3.9389520424771205,-8.189207215652754,-8.78657927344131
349,-34.76828669351027,-18.54858551817132,-10.226635532689812,-13.975990516168267,-3.9470622243113467,-8.208035473432256,-8.806318124325767
350,-34.764510861221495,-18.59531307916396,-10.24992709717256,-14.010085301323098,-3.955167093661433,-8.226857317980889,-8.82605144520752
351,-34.800265989011024,-18.64203768052191,-10.273212955694179,-14.04417658872612,-3.963266693880391,-8.245672792186676,-8.845779265252487
352,-34.77853472281147,-18.68875937124244,-10.296493145048117,-14.078264417293125,-3.971361067852774,-8.264481938658658,-8.865501613439218
353,-34.7552759901693,-18.735478182627585,-10.31976770178609,-14.11234882537941,-3.9794502579995434,-8.283284799729026,-8.88521851856136
354,-34.68079340169588,-18.78219415800987,-10.343036662217044,-14.146429850856745,-3.9875343062829063,-8.302081417455021,-8.904930009228837
355,-34.69885078877061,-18.82890733839444,-10.36630006241218,-14.1805075310693,-3.995613254211113,-8.320871833621002,-8.924636113870369
356,-34.71768271353119,-18.87561778454143,-10.389557938201984,-14.214581902854142,-4.003687142843241,-8.339656089740352,-8.944336860735454
357,-34.81285937339722,-18.922325517966538,-10.412810325181391,-14.24865300255834,-4.011756012793931,-8.358434227057197,-8.964032277895937
358,-34.805071028176144,-18.96903058944687,-10.436057258711086,-14.282720866065665,-4.0198199042381075,-8.377206286548548,-8.983722393248238
359,-34.771652993119304,-19.015733044308533,-10.459298773914076,-14.31678552869737,-4.027878856915659,-8.395972308925979,-9.003407234514661
360,-34.790873606578664,-19.06243290521998,-10.482534905684851,-14.350847025418345,-4.03593291013609,-8.414732334637483,-9.023086829245786
361,-34.77289966546615,-19.109130230872143,-10.505765688682885,-14.384905390664212,-4.043982102783135,-8.433486403869367,-9.042761204821716
362,-34.77292880865067,-19.15582504109778,-10.52899115734093,-14.418960658399602,-4.052026473319347,-8.452234556547735,-9.062430388454047
363,-34.79270548795075,-19.20251740319887,-10.552211345860773,-14.453012862164114,-4.060066059790648,-8.470976832340556,-9.08209440718756
364,-34.76219237567167,-19.24920731303302,-10.575426288218784,-14.487062035064149,-4.06810089983085,-8.489713270659303,-9.101753287901618
365,-34.76528341439365,-19.29589484760175,-10.598636018164356,-14.521108209775614,-4.076131030666137,-8.508443910660286,-9.121407057312053
366,-34.75103135347748,-19.342579986887284,-10.621840569221906,-14.555151418524908,-4.084156489119514,-8.527168791247023,-9.141055741972604
367,-34.71670712928584,-19.389262824157843,-10.645039974695027,-14.589191693122919,-4.092177311615229,-8.545887951071172,-9.160699368276475
368,-34.73910351409709,-19.435943366170108,-10.66823426766348,-14.623229064984873,-4.1001935341831475,-8.564601428534758,-9.180337962457726
369,-34.71856450418756,-19.48262164935268,-10.691423480987146,-14.657263565078251,-4.108205192463105,-8.583309261791225,-9.199971550592883
370,-34.76323643905578,-19.529297699568993,-10.71460764730621,-14.691295224017905,-4.11621232170921,-8.602011488747621,-9.219600158602534
371,-34.83237201863437,-19.575971584648627,-10.737786799044132,-14.725324071969057,-4.1242149567941295,-8.62070814706554,-9.239223812252527
372,-34.84355753825738,-19.622643311015093,-10.76096096840694,-14.759350138731442,-4.132213132213324,-8.639399274163143,-9.258842537155147
373,-34.848632249746544,-19.669312882548518,-10.784130187385609,-14.793373453706945,-4.14020688208925,-8.658084907216631,-9.27845635877122
374,-34.826063592785744,-19.71598038341666,-10.807294487756998,-14.827394046021267,-4.148196240175534,-8.67676508316152,-9.29806530241083
375,-34.84433068485716,-19.76264582372269,-10.830453901085411,-14.861411944228603,-4.156181239861106,-8.695439838694286,-9.3176693932348
376,-34.886941281739155,-19.80930927235085,-10.853608458724265,-14.895427176726809,-4.1641619141742865,-8.714109210273952,-9.337268656255889
377,-34.81952937741586,-19.855970705694126,-10.87675819181565,-14.92943977141521,-4.1721382957868585,-8.732773234123165,-9.356863116340444
378,-34.83019306904464,-19.902630194350717,-10.899903131292827,-14.963449755894233,-4.180110417018089,-8.751431946230335,-9.376452798209144
379,-34.8189108242911,-19.949287714578556,-10.923043307881894,-14.997457157406915,-4.188078309838719,-8.770085382350368,-9.396037726438491
380,-34.87036774089254,-19.995943339896733,-10.946178752103988,-15.03146200287808,-4.196042005874907,-8.788733578006488,-9.41561792546236
381,-34.807457115445516,-20.042597118024347,-10.96930949427254,-15.065464318804018,-4.2040015364121555,-8.807376568491382,-9.435193419572265
382,-34.84607635942871,-20.089249031118342,-10.99243556449854,-15.099464131459772,-4.211956932399187,-8.826014388868836,-9.454764232919329
383,-34.731956080345824,-20.13589906905207,-11.015556992689,-15.13346146675215,-4.219908224451787,-8.84464707397509,-9.474330389514979
384,-34.74962675981464,-20.182547388003268,-11.038673808551199,-15.167456350255803,-4.227855442856612,-8.863274658419968,-9.493891913232764
385,-34.76665878172107,-20.22919389756934,-11.061786041592018,-15.201448807204917,-4.235798617574961,-8.881897176588327,-9.513448827808153
386,-34.76501219652087,-20.275838686383228,-11.084893721115964,-15.235438862577162,-4.24373777824651,-8.900514662641665,-9.53300115684115
387,-34.7387638209148,-20.32248178328019,-11.107996876235177,-15.269426540955095,-4.251672954193014,-8.919127150518976,-9.552548923795861
388,-34.68144425811988,-20.36912320425746,-11.13109553586068,-15.303411866684906,-4.259604174421963,-8.937734673938648,-9.572092152003293
389,-34.757172249079495,-20.41576290057173,-11.154189728710374,-15.337394863866113,-4.267531467630215,-8.956337266398677,-9.591630864660212
390,-34.792993600049115,-20.462400980528038,-11.177279483306547,-15.371375556133037,-4.27545486220759,-8.974934961179645,-9.61116508483229
391,-34.73628518083916,-20.509037444056162,-11.200364827980179,-15.405353966972445,-4.28337438624042,-8.99352779134456,-9.630694835453577
392,-34.75913763563279,-20.555672319989363,-11.223445790867641,-15.43933011957774,-4.29129006751507,-9.01211578974056,-9.650220139328194
393,-34.715995152074285,-20.602305670636827,-11.246522399917577,-15.473304036819423,-4.299201933521427,-9.030698989000355,-9.669741019131166
394,-34.780255306119805,-20.64893749983045,-11.26959468288805,-15.507275741337326,-4.307110011456342,-9.049277421543524,-9.689257497409496
395,-34.796678359151144,-20.6955678203064,-11.29266266734661,-15.541245255358325,-4.315014328227052,-9.067851119577185,-9.708769596582519
396,-34.78124729430985,-20.742196698900198,-11.315726380677672,-15.575212601071705,-4.322914910454554,-9.08642011509787,-9.728277338943508
397,-34.805697822258914,-20.788823931377237,-11.33878585007692,-15.609177800168272,-4.330811784476952,-9.10498443989253,-9.747780746661157
398,-34.79899724622438,-20.83544979208564,-11.361841102554616,-15.643140874225475,-4.338704976352767,-9.123544125539423,-9.767279841777395
399,-34.88718240164559,-20.882074268124082,-11.384892164939398,-15.677101844558427,-4.346594511864207,-9.14209920340986,-9.78677464621328
